trade_date,symbol,reason_set,primary_reason,pct_change,prev_close,last_price,turnover,notes
2026-03-20,ATHERENERG,"circuit,gainer_loser",circuit,3.49,754.3,780.6,,"{""status"": ""H""}"
2026-03-20,ATLANTAELE,"circuit,gainer_loser",circuit,10.0,1072.0,1179.2,,"{""status"": ""H""}"
2026-03-20,CCL,"circuit,gainer_loser",circuit,5.15,1034.3,1087.6,,"{""status"": ""H""}"
2026-03-20,CENTUM,"circuit,gainer_loser",circuit,9.61,2725.8,2987.8,,"{""status"": ""H""}"
2026-03-20,LENSKART,"circuit,gainer_loser",circuit,4.9,501.6,526.2,,"{""status"": ""H""}"
2026-03-20,PRABHA,"circuit,gainer_loser",circuit,2.86,153.03,157.4,,"{""status"": ""L""}"
2026-03-20,SHIVAUM,"circuit,gainer_loser",circuit,8.82,333.25,362.65,,"{""status"": ""H""}"
2026-03-20,AFFORDABLE,"circuit,gainer_loser",circuit,-3.2,146.79,142.09,,"{""status"": ""L""}"
2026-03-20,APTUS,circuit,circuit,,,,,"{""status"": ""L""}"
2026-03-20,BTML,circuit,circuit,,,,,"{""status"": ""L""}"
2026-03-20,CHEMCON,circuit,circuit,,,,,"{""status"": ""L""}"
2026-03-20,DIGIDRIVE,circuit,circuit,,,,,"{""status"": ""L""}"
2026-03-20,DIGITIDE,circuit,circuit,,,,,"{""status"": ""L""}"
2026-03-20,ECOSMOBLTY,"circuit,gainer_loser",circuit,-3.32,115.7,111.86,,"{""status"": ""L""}"
2026-03-20,EPACKPEB,"circuit,gainer_loser",circuit,-2.2,152.02,148.67,,"{""status"": ""L""}"
2026-03-20,ESAFSFB,circuit,circuit,,,,,"{""status"": ""L""}"
2026-03-20,FAIRCHEMOR,"circuit,gainer_loser",circuit,-4.24,515.15,493.3,,"{""status"": ""L""}"
2026-03-20,FINKURVE,"circuit,gainer_loser",circuit,-15.61,65.6,55.36,,"{""status"": ""L""}"
2026-03-20,GRINFRA,"circuit,gainer_loser",circuit,-3.57,891.5,859.7,,"{""status"": ""L""}"
2026-03-20,GATEWAY,circuit,circuit,,,,,"{""status"": ""L""}"
2026-03-20,GLOSTERLTD,"circuit,gainer_loser",circuit,-2.82,529.65,514.7,,"{""status"": ""L""}"
2026-03-20,GSS,circuit,circuit,,,,,"{""status"": ""L""}"
2026-03-20,IKIO,circuit,circuit,,,,,"{""status"": ""L""}"
2026-03-20,INDIGOPNTS,circuit,circuit,,,,,"{""status"": ""L""}"
2026-03-20,RETAIL,circuit,circuit,,,,,"{""status"": ""L""}"
2026-03-20,RUSTOMJEE,circuit,circuit,,,,,"{""status"": ""L""}"
2026-03-20,LATENTVIEW,circuit,circuit,,,,,"{""status"": ""L""}"
2026-03-20,MVGJL,circuit,circuit,,,,,"{""status"": ""L""}"
2026-03-20,MAZDA,"circuit,gainer_loser",circuit,-2.87,176.37,171.31,,"{""status"": ""L""}"
2026-03-20,MEDICAMEQ,"circuit,gainer_loser",circuit,-3.15,261.85,253.6,,"{""status"": ""L""}"
2026-03-20,METROPOLIS,circuit,circuit,,,,,"{""status"": ""L""}"
2026-03-20,NAVKARURB,"circuit,gainer_loser",circuit,-2.25,0.89,0.87,,"{""status"": ""L""}"
2026-03-20,NIITMTS,"circuit,gainer_loser",circuit,4.4,286.35,298.95,,"{""status"": ""L""}"
2026-03-20,NOVAAGRI,"circuit,gainer_loser",circuit,-11.25,25.6,22.72,,"{""status"": ""L""}"
2026-03-20,OMFREIGHT,circuit,circuit,,,,,"{""status"": ""L""}"
2026-03-20,OSIAHYPER,"circuit,gainer_loser",circuit,-4.95,5.25,4.99,,"{""status"": ""L""}"
2026-03-20,RKSWAMY,circuit,circuit,,,,,"{""status"": ""L""}"
2026-03-20,RNBDENIMS,circuit,circuit,,,,,"{""status"": ""L""}"
2026-03-20,ROSSARI,circuit,circuit,,,,,"{""status"": ""L""}"
2026-03-20,SADBHIN,"circuit,gainer_loser",circuit,-4.81,2.7,2.57,,"{""status"": ""L""}"
2026-03-20,SAKUMA,circuit,circuit,,,,,"{""status"": ""L""}"
2026-03-20,SHIVALIK,"circuit,gainer_loser",circuit,-3.35,241.8,233.7,,"{""status"": ""L""}"
2026-03-20,SYSTMTXC,"circuit,gainer_loser",circuit,-3.83,62.43,60.04,,"{""status"": ""L""}"
2026-03-20,VISHWARAJ,circuit,circuit,,,,,"{""status"": ""L""}"
2026-03-20,VLEGOV,"circuit,gainer_loser",circuit,-2.13,11.27,11.03,,"{""status"": ""L""}"
2026-03-20,JSWSTEEL,gainer_loser,gainer_loser,3.42,1130.9,1169.6,,{}
2026-03-20,TECHM,gainer_loser,gainer_loser,3.3,1340.6,1384.8,,{}
2026-03-20,TATASTEEL,gainer_loser,gainer_loser,3.29,190.51,196.77,,{}
2026-03-20,COALINDIA,gainer_loser,gainer_loser,3.07,454.2,468.15,,{}
2026-03-20,INFY,"gainer_loser,top_turnover",gainer_loser,2.88,1220.8,1255.9,34196897254.4,{}
2026-03-20,TRENT,gainer_loser,gainer_loser,2.23,3481.9,3559.6,,{}
2026-03-20,RELIANCE,"gainer_loser,top_turnover",gainer_loser,2.14,1384.8,1414.4,32628466606.5,{}
2026-03-20,BAJAJ-AUTO,gainer_loser,gainer_loser,2.06,8868.5,9051.0,,{}
2026-03-20,HINDALCO,gainer_loser,gainer_loser,-2.54,897.05,874.25,,{}
2026-03-20,HDFCBANK,"gainer_loser,top_turnover",gainer_loser,-2.22,798.2,780.45,80865860514.3,{}
2026-03-20,JINDALSTEL,gainer_loser,gainer_loser,4.25,1138.1,1186.5,,{}
2026-03-20,BANKBARODA,gainer_loser,gainer_loser,2.7,272.6,279.95,,{}
2026-03-20,CANBK,gainer_loser,gainer_loser,2.65,132.92,136.44,,{}
2026-03-20,PIDILITIND,gainer_loser,gainer_loser,2.48,1308.9,1341.3,,{}
2026-03-20,DIVISLAB,gainer_loser,gainer_loser,2.13,5972.5,6100.0,,{}
2026-03-20,LODHA,gainer_loser,gainer_loser,-2.57,817.95,796.9,,{}
2026-03-20,WEBELSOLAR,gainer_loser,gainer_loser,19.99,62.38,74.85,,{}
2026-03-20,FIRSTCRY,"gainer_loser,top_turnover",gainer_loser,19.43,210.06,250.87,16984830516.04,{}
2026-03-20,KIOCL,gainer_loser,gainer_loser,14.39,307.5,351.75,,{}
2026-03-20,RIIL,gainer_loser,gainer_loser,12.31,636.65,715.0,,{}
2026-03-20,DEEPINDS,gainer_loser,gainer_loser,12.03,365.75,409.75,,{}
2026-03-20,UTTAMSUGAR,gainer_loser,gainer_loser,11.52,206.67,230.47,,{}
2026-03-20,BODALCHEM,gainer_loser,gainer_loser,11.24,49.13,54.65,,{}
2026-03-20,CENTRUM,gainer_loser,gainer_loser,10.85,23.4,25.94,,{}
2026-03-20,GUJALKALI,gainer_loser,gainer_loser,10.64,486.5,538.25,,{}
2026-03-20,HAPPSTMNDS,"gainer_loser,top_turnover",gainer_loser,10.55,371.65,410.85,12857090930.15,{}
2026-03-20,VALIANTLAB,gainer_loser,gainer_loser,10.51,55.29,61.1,,{}
2026-03-20,OLECTRA,gainer_loser,gainer_loser,9.65,1000.8,1097.4,,{}
2026-03-20,THOMASCOTT,gainer_loser,gainer_loser,9.27,250.15,273.35,,{}
2026-03-20,AWL,gainer_loser,gainer_loser,8.97,176.28,192.1,,{}
2026-03-20,SOLEX,gainer_loser,gainer_loser,8.87,927.45,1009.75,,{}
2026-03-20,DBEIL,gainer_loser,gainer_loser,8.8,67.17,73.08,,{}
2026-03-20,GUJAPOLLO,gainer_loser,gainer_loser,8.73,411.1,447.0,,{}
2026-03-20,TEAMGTY,gainer_loser,gainer_loser,8.64,247.0,268.35,,{}
2026-03-20,ELECTHERM,gainer_loser,gainer_loser,8.24,607.6,657.65,,{}
2026-03-20,AETHER,gainer_loser,gainer_loser,8.14,1068.55,1155.55,,{}
2026-03-20,RAYMONDLSL,gainer_loser,gainer_loser,8.08,804.2,869.2,,{}
2026-03-20,PFOCUS,gainer_loser,gainer_loser,8.0,256.15,276.65,,{}
2026-03-20,HITECHCORP,gainer_loser,gainer_loser,7.96,130.75,141.16,,{}
2026-03-20,IXIGO,gainer_loser,gainer_loser,7.93,160.79,173.54,,{}
2026-03-20,GMDCLTD,"gainer_loser,top_turnover",gainer_loser,7.78,534.15,575.7,18579132633.65,{}
2026-03-20,SUPERSPIN,gainer_loser,gainer_loser,7.36,4.21,4.52,,{}
2026-03-20,DALMIASUG,gainer_loser,gainer_loser,7.31,298.75,320.6,,{}
2026-03-20,INOXGREEN,gainer_loser,gainer_loser,7.21,140.28,150.4,,{}
2026-03-20,NPST,gainer_loser,gainer_loser,7.1,1032.6,1105.9,,{}
2026-03-20,GOCOLORS,gainer_loser,gainer_loser,7.1,257.15,275.4,,{}
2026-03-20,ACUTAAS,gainer_loser,gainer_loser,7.07,2241.3,2399.8,,{}
2026-03-20,AVADHSUGAR,gainer_loser,gainer_loser,7.04,426.1,456.1,,{}
2026-03-20,SASKEN,gainer_loser,gainer_loser,6.87,1098.9,1174.4,,{}
2026-03-20,ACEINTEG,gainer_loser,gainer_loser,6.81,15.86,16.94,,{}
2026-03-20,CREST,gainer_loser,gainer_loser,6.81,309.2,330.25,,{}
2026-03-20,AKASH,gainer_loser,gainer_loser,6.71,24.0,25.61,,{}
2026-03-20,HUBTOWN,gainer_loser,gainer_loser,6.69,185.84,198.28,,{}
2026-03-20,BELRISE,gainer_loser,gainer_loser,6.62,177.27,189.0,,{}
2026-03-20,IOB,gainer_loser,gainer_loser,6.54,31.65,33.72,,{}
2026-03-20,BAJAJCON,gainer_loser,gainer_loser,6.48,344.0,366.3,,{}
2026-03-20,IGPL,gainer_loser,gainer_loser,6.24,362.25,384.85,,{}
2026-03-20,KSCL,gainer_loser,gainer_loser,6.22,766.35,814.0,,{}
2026-03-20,SHRIPISTON,gainer_loser,gainer_loser,6.18,2943.0,3125.0,,{}
2026-03-20,MAPMYINDIA,gainer_loser,gainer_loser,6.05,863.5,915.7,,{}
2026-03-20,MAITHANALL,gainer_loser,gainer_loser,5.97,882.6,935.3,,{}
2026-03-20,ESCORTS,gainer_loser,gainer_loser,5.96,2887.2,3059.4,,{}
2026-03-20,JAYNECOIND,gainer_loser,gainer_loser,5.83,70.15,74.24,,{}
2026-03-20,UNIVCABLES,gainer_loser,gainer_loser,5.77,639.05,675.95,,{}
2026-03-20,MAGADSUGAR,gainer_loser,gainer_loser,5.75,434.45,459.45,,{}
2026-03-20,SCHAEFFLER,gainer_loser,gainer_loser,5.75,3959.0,4186.5,,{}
2026-03-20,BAYERCROP,gainer_loser,gainer_loser,5.58,4468.0,4717.5,,{}
2026-03-20,SARVESHWAR,gainer_loser,gainer_loser,5.57,3.05,3.22,,{}
2026-03-20,ABFRL,gainer_loser,gainer_loser,5.51,56.85,59.98,,{}
2026-03-20,SUDARSCHEM,gainer_loser,gainer_loser,5.51,770.15,812.55,,{}
2026-03-20,DWARKESH,gainer_loser,gainer_loser,5.39,37.65,39.68,,{}
2026-03-20,MAWANASUG,gainer_loser,gainer_loser,5.37,78.39,82.6,,{}
2026-03-20,MARKSANS,gainer_loser,gainer_loser,5.35,161.41,170.05,,{}
2026-03-20,MBLINFRA,gainer_loser,gainer_loser,5.34,20.96,22.08,,{}
2026-03-20,TEGA,gainer_loser,gainer_loser,5.25,1638.9,1725.0,,{}
2026-03-20,RACLGEAR,gainer_loser,gainer_loser,5.22,1188.2,1250.2,,{}
2026-03-20,DHAMPURSUG,gainer_loser,gainer_loser,5.22,120.38,126.66,,{}
2026-03-20,DAVANGERE,gainer_loser,gainer_loser,5.19,3.85,4.05,,{}
2026-03-20,SMSPHARMA,gainer_loser,gainer_loser,5.18,366.1,385.05,,{}
2026-03-20,APEX,gainer_loser,gainer_loser,5.14,357.85,376.25,,{}
2026-03-20,LLOYDSME,gainer_loser,gainer_loser,5.1,1185.4,1245.8,,{}
2026-03-20,ROSSTECH,gainer_loser,gainer_loser,5.07,685.35,720.1,,{}
2026-03-20,OLAELEC,gainer_loser,gainer_loser,5.03,23.48,24.66,,{}
2026-03-20,SHAHALLOYS,gainer_loser,gainer_loser,5.0,58.15,61.06,,{}
2026-03-20,RMDRIP,gainer_loser,gainer_loser,5.0,40.81,42.85,,{}
2026-03-20,IFBAGRO,gainer_loser,gainer_loser,4.99,726.95,763.25,,{}
2026-03-20,TRIVENI,gainer_loser,gainer_loser,4.97,342.75,359.8,,{}
2026-03-20,HERANBA,gainer_loser,gainer_loser,4.96,170.92,179.39,,{}
2026-03-20,SILVERTUC,gainer_loser,gainer_loser,4.95,117.2,123.0,,{}
2026-03-20,CELLO,gainer_loser,gainer_loser,4.94,403.5,423.45,,{}
2026-03-20,PRUDMOULI,gainer_loser,gainer_loser,4.94,11.53,12.1,,{}
2026-03-20,TATAELXSI,gainer_loser,gainer_loser,4.91,4039.3,4237.7,,{}
2026-03-20,VENKEYS,gainer_loser,gainer_loser,4.88,1244.5,1305.2,,{}
2026-03-20,ALMONDZ,gainer_loser,gainer_loser,4.84,13.65,14.31,,{}
2026-03-20,SOFTTECH,gainer_loser,gainer_loser,4.83,253.5,265.75,,{}
2026-03-20,INOXWIND,gainer_loser,gainer_loser,4.83,78.07,81.84,,{}
2026-03-20,BALAMINES,gainer_loser,gainer_loser,4.78,1018.4,1067.1,,{}
2026-03-20,DOMS,gainer_loser,gainer_loser,4.77,2175.0,2278.8,,{}
2026-03-20,BAJAJELEC,gainer_loser,gainer_loser,4.77,337.55,353.65,,{}
2026-03-20,GPIL,gainer_loser,gainer_loser,4.77,250.7,262.65,,{}
2026-03-20,QPOWER,gainer_loser,gainer_loser,4.76,796.6,834.55,,{}
2026-03-20,MANCREDIT,gainer_loser,gainer_loser,4.7,162.74,170.39,,{}
2026-03-20,SEPC,gainer_loser,gainer_loser,4.67,4.93,5.16,,{}
2026-03-20,ACI,gainer_loser,gainer_loser,4.66,574.5,601.25,,{}
2026-03-20,THOMASCOOK,gainer_loser,gainer_loser,4.63,98.77,103.34,,{}
2026-03-20,SHAILY,gainer_loser,gainer_loser,4.57,2294.2,2399.0,,{}
2026-03-20,SDBL,gainer_loser,gainer_loser,4.55,71.41,74.66,,{}
2026-03-20,MAHABANK,gainer_loser,gainer_loser,4.55,62.64,65.49,,{}
2026-03-20,DGCONTENT,gainer_loser,gainer_loser,4.54,22.93,23.97,,{}
2026-03-20,SAMBHV,gainer_loser,gainer_loser,4.5,90.41,94.48,,{}
2026-03-20,LAURUSLABS,gainer_loser,gainer_loser,4.48,944.9,987.2,,{}
2026-03-20,IDEA,gainer_loser,gainer_loser,4.47,8.94,9.34,,{}
2026-03-20,SAGILITY,gainer_loser,gainer_loser,4.47,37.39,39.06,,{}
2026-03-20,ORISSAMINE,gainer_loser,gainer_loser,4.45,3450.3,3604.0,,{}
2026-03-20,RENUKA,gainer_loser,gainer_loser,4.45,23.81,24.87,,{}
2026-03-20,LYKALABS,gainer_loser,gainer_loser,4.43,52.62,54.95,,{}
2026-03-20,HONASA,gainer_loser,gainer_loser,4.42,276.95,289.2,,{}
2026-03-20,GOKUL,gainer_loser,gainer_loser,4.4,41.11,42.92,,{}
2026-03-20,IVALUE,gainer_loser,gainer_loser,4.4,225.46,235.38,,{}
2026-03-20,VERANDA,gainer_loser,gainer_loser,4.4,131.74,137.53,,{}
2026-03-20,ASTRON,gainer_loser,gainer_loser,4.39,3.87,4.04,,{}
2026-03-20,MGEL,gainer_loser,gainer_loser,4.38,10.05,10.49,,{}
2026-03-20,CHENNPETRO,gainer_loser,gainer_loser,4.36,1020.3,1064.75,,{}
2026-03-20,TREL,gainer_loser,gainer_loser,4.35,24.16,25.21,,{}
2026-03-20,KANORICHEM,gainer_loser,gainer_loser,4.32,60.37,62.98,,{}
2026-03-20,DCI,gainer_loser,gainer_loser,4.32,270.8,282.5,,{}
2026-03-20,NITIRAJ,gainer_loser,gainer_loser,4.32,208.94,217.96,,{}
2026-03-20,OAL,gainer_loser,gainer_loser,4.29,242.25,252.65,,{}
2026-03-20,PWL,gainer_loser,gainer_loser,4.29,86.25,89.95,,{}
2026-03-20,LOTUSEYE,gainer_loser,gainer_loser,4.18,104.7,109.08,,{}
2026-03-20,FORCEMOT,gainer_loser,gainer_loser,4.17,20720.0,21585.0,,{}
2026-03-20,TRU,gainer_loser,gainer_loser,4.17,5.99,6.24,,{}
2026-03-20,IDBI,gainer_loser,gainer_loser,4.15,70.16,73.07,,{}
2026-03-20,HEXT,gainer_loser,gainer_loser,4.12,422.05,439.45,,{}
2026-03-20,BHEL,gainer_loser,gainer_loser,4.09,251.75,262.05,,{}
2026-03-20,LINC,gainer_loser,gainer_loser,4.09,98.83,102.87,,{}
2026-03-20,ETHOSLTD,gainer_loser,gainer_loser,4.08,2149.3,2237.0,,{}
2026-03-20,VIPIND,gainer_loser,gainer_loser,4.05,323.55,336.65,,{}
2026-03-20,VERTOZ,gainer_loser,gainer_loser,4.04,36.16,37.62,,{}
2026-03-20,ANANTRAJ,gainer_loser,gainer_loser,4.03,447.8,465.85,,{}
2026-03-20,HINDCOPPER,gainer_loser,gainer_loser,4.03,470.5,489.45,,{}
2026-03-20,PREMIERPOL,gainer_loser,gainer_loser,4.02,57.64,59.96,,{}
2026-03-20,ELECTCAST,gainer_loser,gainer_loser,4.02,71.94,74.83,,{}
2026-03-20,XPROINDIA,gainer_loser,gainer_loser,4.0,966.35,1005.0,,{}
2026-03-20,DPABHUSHAN,gainer_loser,gainer_loser,4.0,986.1,1025.5,,{}
2026-03-20,VINCOFE,gainer_loser,gainer_loser,3.99,126.78,131.84,,{}
2026-03-20,EIMCOELECO,gainer_loser,gainer_loser,3.98,1505.7,1565.7,,{}
2026-03-20,TARIL,gainer_loser,gainer_loser,3.96,274.3,285.15,,{}
2026-03-20,GLENMARK,gainer_loser,gainer_loser,3.94,2097.5,2180.1,,{}
2026-03-20,JAIBALAJI,gainer_loser,gainer_loser,3.94,62.23,64.68,,{}
2026-03-20,RUCHIRA,gainer_loser,gainer_loser,3.91,99.06,102.93,,{}
2026-03-20,NAHARSPING,gainer_loser,gainer_loser,3.9,202.63,210.54,,{}
2026-03-20,BANG,gainer_loser,gainer_loser,3.88,33.49,34.79,,{}
2026-03-20,GHCLTEXTIL,gainer_loser,gainer_loser,3.84,72.89,75.69,,{}
2026-03-20,SUKHJITS,gainer_loser,gainer_loser,3.83,156.58,162.58,,{}
2026-03-20,VALIANTORG,gainer_loser,gainer_loser,3.81,259.42,269.3,,{}
2026-03-20,AARTIIND,gainer_loser,gainer_loser,3.76,411.85,427.35,,{}
2026-03-20,RPOWER,gainer_loser,gainer_loser,3.76,21.8,22.62,,{}
2026-03-20,ASAHISONG,gainer_loser,gainer_loser,3.74,199.46,206.92,,{}
2026-03-20,PENINLAND,gainer_loser,gainer_loser,3.72,15.04,15.6,,{}
2026-03-20,ORCHASP,gainer_loser,gainer_loser,3.72,2.15,2.23,,{}
2026-03-20,WHEELS,gainer_loser,gainer_loser,3.71,990.5,1027.2,,{}
2026-03-20,ASHAPURMIN,gainer_loser,gainer_loser,3.69,484.95,502.85,,{}
2026-03-20,THEINVEST,gainer_loser,gainer_loser,3.66,97.62,101.19,,{}
2026-03-20,RAMASTEEL,gainer_loser,gainer_loser,3.64,5.22,5.41,,{}
2026-03-20,JTLIND,gainer_loser,gainer_loser,3.62,50.29,52.11,,{}
2026-03-20,EVEREADY,gainer_loser,gainer_loser,3.62,290.2,300.7,,{}
2026-03-20,MBAPL,gainer_loser,gainer_loser,3.61,437.25,453.05,,{}
2026-03-20,JAICORPLTD,gainer_loser,gainer_loser,3.6,98.57,102.12,,{}
2026-03-20,INDOSTAR,gainer_loser,gainer_loser,3.59,192.2,199.1,,{}
2026-03-20,LUXIND,gainer_loser,gainer_loser,3.58,908.6,941.1,,{}
2026-03-20,TDPOWERSYS,gainer_loser,gainer_loser,3.57,833.5,863.25,,{}
2026-03-20,UNIDT,gainer_loser,gainer_loser,3.56,152.16,157.58,,{}
2026-03-20,MATRIMONY,gainer_loser,gainer_loser,3.56,408.9,423.45,,{}
2026-03-20,GINNIFILA,gainer_loser,gainer_loser,3.55,36.61,37.91,,{}
2026-03-20,HINDPETRO,gainer_loser,gainer_loser,3.54,324.8,336.3,,{}
2026-03-20,BAJAJHCARE,gainer_loser,gainer_loser,3.54,302.25,312.95,,{}
2026-03-20,WSTCSTPAPR,gainer_loser,gainer_loser,3.53,419.85,434.65,,{}
2026-03-20,AUROPHARMA,gainer_loser,gainer_loser,3.52,1247.5,1291.4,,{}
2026-03-20,AARVI,gainer_loser,gainer_loser,3.51,125.74,130.15,,{}
2026-03-20,SSWL,gainer_loser,gainer_loser,3.49,179.2,185.46,,{}
2026-03-20,DOLLAR,gainer_loser,gainer_loser,3.48,251.3,260.05,,{}
2026-03-20,DIVGIITTS,gainer_loser,gainer_loser,3.47,681.35,705.0,,{}
2026-03-20,MRPL,gainer_loser,gainer_loser,3.47,184.78,191.19,,{}
2026-03-20,MONTECARLO,gainer_loser,gainer_loser,3.46,507.8,525.35,,{}
2026-03-20,WINDMACHIN,gainer_loser,gainer_loser,3.44,222.4,230.05,,{}
2026-03-20,SYRMA,gainer_loser,gainer_loser,3.43,757.9,783.9,,{}
2026-03-20,BETA,gainer_loser,gainer_loser,3.4,1069.7,1106.1,,{}
2026-03-20,ANDHRSUGAR,gainer_loser,gainer_loser,3.4,68.63,70.96,,{}
2026-03-20,GMRP&UI,gainer_loser,gainer_loser,3.38,101.1,104.52,,{}
2026-03-20,KOPRAN,gainer_loser,gainer_loser,3.38,114.36,118.22,,{}
2026-03-20,RUBICON,gainer_loser,gainer_loser,3.37,757.45,782.95,,{}
2026-03-20,BIOCON,gainer_loser,gainer_loser,3.36,368.55,380.95,,{}
2026-03-20,CARTRADE,gainer_loser,gainer_loser,3.36,1641.7,1696.9,,{}
2026-03-20,UNIINFO,gainer_loser,gainer_loser,3.36,12.22,12.63,,{}
2026-03-20,FINCABLES,gainer_loser,gainer_loser,3.34,849.8,878.15,,{}
2026-03-20,DCMSRIND,gainer_loser,gainer_loser,3.34,34.18,35.32,,{}
2026-03-20,JBMA,gainer_loser,gainer_loser,3.33,548.95,567.25,,{}
2026-03-20,APLLTD,gainer_loser,gainer_loser,3.33,655.45,677.3,,{}
2026-03-20,OFSS,gainer_loser,gainer_loser,3.32,6368.5,6580.0,,{}
2026-03-20,JARO,gainer_loser,gainer_loser,3.32,470.55,486.15,,{}
2026-03-20,HINDCOMPOS,gainer_loser,gainer_loser,3.31,381.95,394.6,,{}
2026-03-20,YATRA,gainer_loser,gainer_loser,3.31,103.77,107.2,,{}
2026-03-20,MASFIN,gainer_loser,gainer_loser,3.29,292.9,302.55,,{}
2026-03-20,SAKHTISUG,gainer_loser,gainer_loser,3.29,14.27,14.74,,{}
2026-03-20,PONNIERODE,gainer_loser,gainer_loser,3.29,266.25,275.0,,{}
2026-03-20,ZENITHEXPO,gainer_loser,gainer_loser,3.29,182.02,188.0,,{}
2026-03-20,TATATECH,gainer_loser,gainer_loser,3.28,522.5,539.65,,{}
2026-03-20,BAJAJHIND,gainer_loser,gainer_loser,3.26,15.65,16.16,,{}
2026-03-20,GEECEE,gainer_loser,gainer_loser,3.26,254.9,263.2,,{}
2026-03-20,KAJARIACER,gainer_loser,gainer_loser,3.26,921.35,951.35,,{}
2026-03-20,AKUMS,gainer_loser,gainer_loser,3.25,468.2,483.4,,{}
2026-03-20,MODISONLTD,gainer_loser,gainer_loser,3.25,122.0,125.96,,{}
2026-03-20,NORTHARC,gainer_loser,gainer_loser,3.24,226.9,234.25,,{}
2026-03-20,BANKINDIA,gainer_loser,gainer_loser,3.24,145.77,150.49,,{}
2026-03-20,UNIENTER,gainer_loser,gainer_loser,3.23,93.37,96.39,,{}
2026-03-20,OSWALPUMPS,gainer_loser,gainer_loser,3.23,304.65,314.5,,{}
2026-03-20,MANGLMCEM,gainer_loser,gainer_loser,3.23,807.7,833.8,,{}
2026-03-20,INCREDIBLE,gainer_loser,gainer_loser,3.23,31.91,32.94,,{}
2026-03-20,BLACKBUCK,gainer_loser,gainer_loser,3.23,596.55,615.8,,{}
2026-03-20,BIKAJI,gainer_loser,gainer_loser,3.21,610.1,629.7,,{}
2026-03-20,ORCHPHARMA,gainer_loser,gainer_loser,3.21,516.0,532.55,,{}
2026-03-20,UNIONBANK,gainer_loser,gainer_loser,3.18,172.16,177.63,,{}
2026-03-20,CINELINE,gainer_loser,gainer_loser,3.18,85.3,88.01,,{}
2026-03-20,EMAMIREAL,gainer_loser,gainer_loser,3.18,58.25,60.1,,{}
2026-03-20,RAJSREESUG,gainer_loser,gainer_loser,3.17,27.44,28.31,,{}
2026-03-20,TIMETECHNO,gainer_loser,gainer_loser,3.17,157.24,162.22,,{}
2026-03-20,GOLDTECH,gainer_loser,gainer_loser,3.16,38.58,39.8,,{}
2026-03-20,PRITI,gainer_loser,gainer_loser,3.15,36.77,37.93,,{}
2026-03-20,LUPIN,gainer_loser,gainer_loser,3.15,2251.5,2322.5,,{}
2026-03-20,TRUALT,gainer_loser,gainer_loser,3.14,396.8,409.25,,{}
2026-03-20,GICRE,gainer_loser,gainer_loser,3.13,360.85,372.15,,{}
2026-03-20,AKZOINDIA,gainer_loser,gainer_loser,3.12,2797.8,2885.1,,{}
2026-03-20,UGARSUGAR,gainer_loser,gainer_loser,3.12,37.19,38.35,,{}
2026-03-20,RPGLIFE,gainer_loser,gainer_loser,3.12,1822.9,1879.7,,{}
2026-03-20,ZFCVINDIA,gainer_loser,gainer_loser,3.1,13386.0,13801.0,,{}
2026-03-20,PTC,gainer_loser,gainer_loser,3.09,160.23,165.18,,{}
2026-03-20,FILATEX,gainer_loser,gainer_loser,3.07,39.47,40.68,,{}
2026-03-20,ARMANFIN,gainer_loser,gainer_loser,3.06,1466.7,1511.6,,{}
2026-03-20,WHIRLPOOL,gainer_loser,gainer_loser,3.04,811.7,836.35,,{}
2026-03-20,STARCEMENT,gainer_loser,gainer_loser,3.02,210.04,216.39,,{}
2026-03-20,KRBL,gainer_loser,gainer_loser,3.01,278.95,287.35,,{}
2026-03-20,PKTEA,gainer_loser,gainer_loser,3.0,820.35,845.0,,{}
2026-03-20,NKIND,gainer_loser,gainer_loser,3.0,63.0,64.89,,{}
2026-03-20,WABAG,gainer_loser,gainer_loser,3.0,1200.9,1236.9,,{}
2026-03-20,NLCINDIA,gainer_loser,gainer_loser,2.98,258.65,266.35,,{}
2026-03-20,MOTISONS,gainer_loser,gainer_loser,2.92,12.68,13.05,,{}
2026-03-20,MAXIND,gainer_loser,gainer_loser,2.89,141.08,145.16,,{}
2026-03-20,UNIMECH,gainer_loser,gainer_loser,2.88,773.6,795.85,,{}
2026-03-20,RAMAPHO,gainer_loser,gainer_loser,2.86,112.61,115.83,,{}
2026-03-20,GANDHAR,gainer_loser,gainer_loser,2.86,128.7,132.38,,{}
2026-03-20,IGCL,gainer_loser,gainer_loser,2.86,57.01,58.64,,{}
2026-03-20,AKSHARCHEM,gainer_loser,gainer_loser,2.82,178.98,184.03,,{}
2026-03-20,GABRIEL,gainer_loser,gainer_loser,2.82,839.3,862.95,,{}
2026-03-20,OSWALGREEN,gainer_loser,gainer_loser,2.81,24.22,24.9,,{}
2026-03-20,DUCON,gainer_loser,gainer_loser,2.81,2.85,2.93,,{}
2026-03-20,NOCIL,gainer_loser,gainer_loser,2.81,140.03,143.96,,{}
2026-03-20,ELGIEQUIP,gainer_loser,gainer_loser,2.78,467.05,480.05,,{}
2026-03-20,UFBL,gainer_loser,gainer_loser,2.78,229.01,235.38,,{}
2026-03-20,JMA,gainer_loser,gainer_loser,2.78,78.39,80.57,,{}
2026-03-20,AARTECH,gainer_loser,gainer_loser,2.78,45.37,46.63,,{}
2026-03-20,GRPLTD,gainer_loser,gainer_loser,2.78,1798.0,1847.9,,{}
2026-03-20,IGARASHI,gainer_loser,gainer_loser,2.77,306.4,314.9,,{}
2026-03-20,MHLXMIRU,gainer_loser,gainer_loser,2.73,162.6,167.04,,{}
2026-03-20,SANDUMA,gainer_loser,gainer_loser,2.73,180.37,185.29,,{}
2026-03-20,HECPROJECT,gainer_loser,gainer_loser,2.72,104.6,107.45,,{}
2026-03-20,SURAKSHA,gainer_loser,gainer_loser,2.72,253.4,260.3,,{}
2026-03-20,DIFFNKG,gainer_loser,gainer_loser,2.72,248.15,254.9,,{}
2026-03-20,DIACABS,gainer_loser,gainer_loser,2.71,123.8,127.15,,{}
2026-03-20,SHILPAMED,gainer_loser,gainer_loser,2.7,314.75,323.25,,{}
2026-03-20,AVANTIFEED,gainer_loser,gainer_loser,2.69,1174.4,1206.0,,{}
2026-03-20,CPPLUS,gainer_loser,gainer_loser,2.68,1674.5,1719.3,,{}
2026-03-20,BEARDSELL,gainer_loser,gainer_loser,2.66,22.92,23.53,,{}
2026-03-20,INFOBEAN,gainer_loser,gainer_loser,2.66,136.11,139.73,,{}
2026-03-20,UTLSOLAR,gainer_loser,gainer_loser,2.65,196.8,202.01,,{}
2026-03-20,UNOMINDA,gainer_loser,gainer_loser,2.65,1039.5,1067.0,,{}
2026-03-20,RICOAUTO,gainer_loser,gainer_loser,2.64,106.37,109.18,,{}
2026-03-20,GEOJITFSL,gainer_loser,gainer_loser,2.64,58.39,59.93,,{}
2026-03-20,KMSUGAR,gainer_loser,gainer_loser,2.63,25.08,25.74,,{}
2026-03-20,MODTHREAD,gainer_loser,gainer_loser,2.62,43.81,44.96,,{}
2026-03-20,SUDEEPPHRM,gainer_loser,gainer_loser,2.62,598.15,613.85,,{}
2026-03-20,PARAGMILK,gainer_loser,gainer_loser,2.61,193.86,198.92,,{}
2026-03-20,MADHAV,gainer_loser,gainer_loser,2.6,33.41,34.28,,{}
2026-03-20,CALSOFT,gainer_loser,gainer_loser,2.59,12.36,12.68,,{}
2026-03-20,JBCHEPHARM,gainer_loser,gainer_loser,2.58,2084.9,2138.6,,{}
2026-03-20,SMARTLINK,gainer_loser,gainer_loser,2.56,116.98,119.98,,{}
2026-03-20,RADICO,gainer_loser,gainer_loser,2.56,2594.0,2660.5,,{}
2026-03-20,GODREJAGRO,gainer_loser,gainer_loser,2.54,573.9,588.5,,{}
2026-03-20,MASTERTR,gainer_loser,gainer_loser,2.53,67.07,68.77,,{}
2026-03-20,LPDC,gainer_loser,gainer_loser,2.53,5.94,6.09,,{}
2026-03-20,JINDALSAW,gainer_loser,gainer_loser,2.52,189.35,194.13,,{}
2026-03-20,DBOL,gainer_loser,gainer_loser,2.52,96.47,98.9,,{}
2026-03-20,DAMCAPITAL,gainer_loser,gainer_loser,2.5,126.68,129.85,,{}
2026-03-20,NAHARCAP,gainer_loser,gainer_loser,2.5,220.34,225.85,,{}
2026-03-20,PAGEIND,gainer_loser,gainer_loser,2.5,31225.0,32005.0,,{}
2026-03-20,KALAMANDIR,gainer_loser,gainer_loser,2.49,98.2,100.65,,{}
2026-03-20,VIDHIING,gainer_loser,gainer_loser,2.49,272.75,279.55,,{}
2026-03-20,PRAXIS,gainer_loser,gainer_loser,2.48,6.44,6.6,,{}
2026-03-20,AMDIND,gainer_loser,gainer_loser,2.48,37.15,38.07,,{}
2026-03-20,PERSISTENT,gainer_loser,gainer_loser,2.47,4602.8,4716.7,,{}
2026-03-20,KRISHANA,gainer_loser,gainer_loser,2.47,475.45,487.2,,{}
2026-03-20,JISLDVREQS,gainer_loser,gainer_loser,2.46,21.13,21.65,,{}
2026-03-20,KRITIKA,gainer_loser,gainer_loser,2.46,5.7,5.84,,{}
2026-03-20,MIRCELECTR,gainer_loser,gainer_loser,2.45,24.88,25.49,,{}
2026-03-20,ZYDUSWELL,gainer_loser,gainer_loser,2.45,414.5,424.65,,{}
2026-03-20,3IINFOLTD,gainer_loser,gainer_loser,2.45,13.49,13.82,,{}
2026-03-20,SMLMAH,gainer_loser,gainer_loser,2.44,3953.8,4050.3,,{}
2026-03-20,ADROITINFO,gainer_loser,gainer_loser,2.44,8.62,8.83,,{}
2026-03-20,KALYANKJIL,gainer_loser,gainer_loser,2.44,373.6,382.7,,{}
2026-03-20,CUMMINSIND,gainer_loser,gainer_loser,2.43,4505.7,4615.3,,{}
2026-03-20,BYKE,gainer_loser,gainer_loser,2.43,32.1,32.88,,{}
2026-03-20,ROSSELLIND,gainer_loser,gainer_loser,2.43,45.74,46.85,,{}
2026-03-20,SASTASUNDR,gainer_loser,gainer_loser,2.42,281.05,287.85,,{}
2026-03-20,ARIES,gainer_loser,gainer_loser,2.42,331.05,339.05,,{}
2026-03-20,AIIL,gainer_loser,gainer_loser,2.41,480.6,492.2,,{}
2026-03-20,TRIDENT,gainer_loser,gainer_loser,2.41,23.68,24.25,,{}
2026-03-20,PENIND,gainer_loser,gainer_loser,2.39,139.53,142.87,,{}
2026-03-20,BSL,gainer_loser,gainer_loser,2.39,120.48,123.36,,{}
2026-03-20,DAMODARIND,gainer_loser,gainer_loser,2.39,23.43,23.99,,{}
2026-03-20,GMRAIRPORT,gainer_loser,gainer_loser,2.39,88.45,90.56,,{}
2026-03-20,SURYAROSNI,gainer_loser,gainer_loser,2.38,204.22,209.08,,{}
2026-03-20,MODIS,gainer_loser,gainer_loser,2.38,309.25,316.6,,{}
2026-03-20,BATAINDIA,gainer_loser,gainer_loser,2.37,647.95,663.3,,{}
2026-03-20,PAISALO,gainer_loser,gainer_loser,2.36,34.26,35.07,,{}
2026-03-20,NMDC,gainer_loser,gainer_loser,2.36,77.94,79.78,,{}
2026-03-20,IOLCP,gainer_loser,gainer_loser,2.35,72.65,74.36,,{}
2026-03-20,MALUPAPER,gainer_loser,gainer_loser,2.34,31.14,31.87,,{}
2026-03-20,ALIVUS,gainer_loser,gainer_loser,2.34,928.05,949.8,,{}
2026-03-20,LAXMIINDIA,gainer_loser,gainer_loser,2.34,80.66,82.55,,{}
2026-03-20,NRAIL,gainer_loser,gainer_loser,2.34,410.4,420.0,,{}
2026-03-20,MIDHANI,gainer_loser,gainer_loser,2.3,308.2,315.3,,{}
2026-03-20,DEVX,gainer_loser,gainer_loser,2.3,36.92,37.77,,{}
2026-03-20,VOLTAMP,gainer_loser,gainer_loser,2.29,8411.5,8604.5,,{}
2026-03-20,UGROCAP,gainer_loser,gainer_loser,2.29,92.19,94.3,,{}
2026-03-20,DELHIVERY,gainer_loser,gainer_loser,2.29,413.4,422.85,,{}
2026-03-20,SAKSOFT,gainer_loser,gainer_loser,2.28,116.9,119.57,,{}
2026-03-20,BLSE,gainer_loser,gainer_loser,2.27,141.14,144.35,,{}
2026-03-20,VIKRAMSOLR,gainer_loser,gainer_loser,2.27,188.3,192.58,,{}
2026-03-20,INDIANB,gainer_loser,gainer_loser,2.27,859.15,878.65,,{}
2026-03-20,CHEMBONDCH,gainer_loser,gainer_loser,2.27,125.15,127.99,,{}
2026-03-20,JAMNAAUTO,gainer_loser,gainer_loser,2.26,117.03,119.68,,{}
2026-03-20,RAYMONDREL,gainer_loser,gainer_loser,2.26,407.3,416.5,,{}
2026-03-20,NATCOPHARM,gainer_loser,gainer_loser,2.25,938.05,959.2,,{}
2026-03-20,UPL,gainer_loser,gainer_loser,2.25,611.8,625.55,,{}
2026-03-20,NTPCGREEN,gainer_loser,gainer_loser,2.25,98.88,101.1,,{}
2026-03-20,APLAPOLLO,gainer_loser,gainer_loser,2.24,1929.8,1973.1,,{}
2026-03-20,MAHLOG,gainer_loser,gainer_loser,2.24,357.7,365.7,,{}
2026-03-20,FEDFINA,gainer_loser,gainer_loser,2.23,131.25,134.18,,{}
2026-03-20,PODDARMENT,gainer_loser,gainer_loser,2.22,209.01,213.66,,{}
2026-03-20,AVALON,gainer_loser,gainer_loser,2.21,931.3,951.9,,{}
2026-03-20,SATIA,gainer_loser,gainer_loser,2.21,58.49,59.78,,{}
2026-03-20,AURUM,gainer_loser,gainer_loser,2.2,167.02,170.69,,{}
2026-03-20,ENTERO,gainer_loser,gainer_loser,2.2,1096.8,1120.9,,{}
2026-03-20,KCPSUGIND,gainer_loser,gainer_loser,2.19,23.31,23.82,,{}
2026-03-20,SHILCTECH,gainer_loser,gainer_loser,2.18,3892.4,3977.3,,{}
2026-03-20,MAHESHWARI,gainer_loser,gainer_loser,2.18,43.19,44.13,,{}
2026-03-20,DELPHIFX,gainer_loser,gainer_loser,2.17,9.67,9.88,,{}
2026-03-20,APCOTEXIND,gainer_loser,gainer_loser,2.17,343.6,351.05,,{}
2026-03-20,LGEINDIA,gainer_loser,gainer_loser,2.17,1526.6,1559.7,,{}
2026-03-20,MITCON,gainer_loser,gainer_loser,2.17,52.14,53.27,,{}
2026-03-20,SBCL,gainer_loser,gainer_loser,2.17,396.95,405.55,,{}
2026-03-20,PIRAMALFIN,gainer_loser,gainer_loser,2.16,1806.8,1845.9,,{}
2026-03-20,GKWLIMITED,gainer_loser,gainer_loser,2.16,1585.0,1619.2,,{}
2026-03-20,KMEW,gainer_loser,gainer_loser,2.16,1512.6,1545.2,,{}
2026-03-20,DYNAMATECH,gainer_loser,gainer_loser,2.15,9497.0,9701.0,,{}
2026-03-20,HARRMALAYA,gainer_loser,gainer_loser,2.14,170.82,174.48,,{}
2026-03-20,GANESHCP,gainer_loser,gainer_loser,2.14,170.4,174.04,,{}
2026-03-20,MPHASIS,gainer_loser,gainer_loser,2.13,2047.4,2091.1,,{}
2026-03-20,FCSSOFT,gainer_loser,gainer_loser,2.13,1.41,1.44,,{}
2026-03-20,JAYKAY,gainer_loser,gainer_loser,2.13,129.86,132.62,,{}
2026-03-20,BLUSPRING,gainer_loser,gainer_loser,2.12,44.72,45.67,,{}
2026-03-20,PAKKA,gainer_loser,gainer_loser,2.12,83.34,85.11,,{}
2026-03-20,EMSLIMITED,gainer_loser,gainer_loser,2.11,290.85,297.0,,{}
2026-03-20,TANLA,gainer_loser,gainer_loser,2.11,414.3,423.05,,{}
2026-03-20,SHARDACROP,gainer_loser,gainer_loser,2.11,958.4,978.6,,{}
2026-03-20,RAMCOIND,gainer_loser,gainer_loser,2.11,253.9,259.25,,{}
2026-03-20,ACC,gainer_loser,gainer_loser,2.11,1352.9,1381.4,,{}
2026-03-20,JUBLINGREA,gainer_loser,gainer_loser,2.1,571.3,583.3,,{}
2026-03-20,SUZLON,gainer_loser,gainer_loser,2.09,41.09,41.95,,{}
2026-03-20,SONATSOFTW,gainer_loser,gainer_loser,2.09,231.9,236.75,,{}
2026-03-20,VIDYAWIRES,gainer_loser,gainer_loser,2.09,53.08,54.19,,{}
2026-03-20,TPHQ,gainer_loser,gainer_loser,2.08,0.48,0.49,,{}
2026-03-20,ASIANTILES,gainer_loser,gainer_loser,2.08,59.21,60.44,,{}
2026-03-20,ENGINERSIN,gainer_loser,gainer_loser,2.08,187.74,191.64,,{}
2026-03-20,SINTERCOM,gainer_loser,gainer_loser,2.07,76.4,77.98,,{}
2026-03-20,DMCC,gainer_loser,gainer_loser,2.07,214.76,219.2,,{}
2026-03-20,SHAREINDIA,gainer_loser,gainer_loser,2.07,122.51,125.04,,{}
2026-03-20,LUMAXIND,gainer_loser,gainer_loser,2.06,4953.5,5055.5,,{}
2026-03-20,PILITA,gainer_loser,gainer_loser,2.06,7.29,7.44,,{}
2026-03-20,AMNPLST,gainer_loser,gainer_loser,2.05,148.89,151.94,,{}
2026-03-20,PNC,gainer_loser,gainer_loser,2.04,20.58,21.0,,{}
2026-03-20,BEPL,gainer_loser,gainer_loser,2.04,84.8,86.53,,{}
2026-03-20,TARACHAND,gainer_loser,gainer_loser,2.02,55.5,56.62,,{}
2026-03-20,ONEPOINT,gainer_loser,gainer_loser,2.02,43.64,44.52,,{}
2026-03-20,SANSERA,gainer_loser,gainer_loser,2.01,2134.9,2177.9,,{}
2026-03-20,NETWORK18,gainer_loser,gainer_loser,2.01,30.3,30.91,,{}
2026-03-20,VIMTALABS,gainer_loser,gainer_loser,2.01,418.8,427.2,,{}
2026-03-20,STLTECH,gainer_loser,gainer_loser,2.0,184.86,188.56,,{}
2026-03-20,JSL,gainer_loser,gainer_loser,2.0,707.8,721.95,,{}
2026-03-20,NEXTMEDIA,gainer_loser,gainer_loser,-18.75,5.12,4.16,,{}
2026-03-20,RVTH,gainer_loser,gainer_loser,-9.89,625.4,563.55,,{}
2026-03-20,KRITI,gainer_loser,gainer_loser,-7.27,74.01,68.63,,{}
2026-03-20,SVLL,gainer_loser,gainer_loser,-6.71,542.95,506.5,,{}
2026-03-20,ACMESOLAR,gainer_loser,gainer_loser,-5.98,262.03,246.37,,{}
2026-03-20,JSWHL,gainer_loser,gainer_loser,-5.22,15976.0,15142.0,,{}
2026-03-20,KROSS,gainer_loser,gainer_loser,-5.13,180.98,171.69,,{}
2026-03-20,TIRUPATIFL,gainer_loser,gainer_loser,-5.12,49.41,46.88,,{}
2026-03-20,MANUGRAPH,gainer_loser,gainer_loser,-5.1,12.94,12.28,,{}
2026-03-20,JINDALPOLY,gainer_loser,gainer_loser,-5.0,1007.6,957.25,,{}
2026-03-20,JAYSREETEA,gainer_loser,gainer_loser,-4.9,84.76,80.61,,{}
2026-03-20,PETRONET,gainer_loser,gainer_loser,-4.87,270.85,257.65,,{}
2026-03-20,INDIASHLTR,gainer_loser,gainer_loser,-4.69,719.95,686.15,,{}
2026-03-20,TTML,gainer_loser,gainer_loser,-4.64,37.93,36.17,,{}
2026-03-20,SAFARI,gainer_loser,gainer_loser,-4.6,1593.8,1520.5,,{}
2026-03-20,DHUNINV,gainer_loser,gainer_loser,-4.59,803.85,766.95,,{}
2026-03-20,SEMAC,gainer_loser,gainer_loser,-4.59,288.05,274.84,,{}
2026-03-20,MCX,"gainer_loser,top_turnover",gainer_loser,-4.58,2530.4,2414.5,12761908627.2,{}
2026-03-20,AIAENG,gainer_loser,gainer_loser,-4.58,3573.1,3409.6,,{}
2026-03-20,SADHNANIQ,gainer_loser,gainer_loser,-4.58,1.53,1.46,,{}
2026-03-20,HAVISHA,gainer_loser,gainer_loser,-4.44,1.35,1.29,,{}
2026-03-20,ASMS,gainer_loser,gainer_loser,-4.43,8.13,7.77,,{}
2026-03-20,PEARLPOLY,gainer_loser,gainer_loser,-4.43,16.49,15.76,,{}
2026-03-20,BALKRISHNA,gainer_loser,gainer_loser,-4.38,15.98,15.28,,{}
2026-03-20,NIITLTD,gainer_loser,gainer_loser,-4.3,62.39,59.71,,{}
2026-03-20,BUTTERFLY,gainer_loser,gainer_loser,-4.29,669.55,640.85,,{}
2026-03-20,SKMEGGPROD,gainer_loser,gainer_loser,-4.2,161.65,154.86,,{}
2026-03-20,SINDHUTRAD,gainer_loser,gainer_loser,-4.16,24.29,23.28,,{}
2026-03-20,SAMHI,gainer_loser,gainer_loser,-4.02,150.37,144.32,,{}
2026-03-20,CNL,gainer_loser,gainer_loser,-4.0,603.0,578.9,,{}
2026-03-20,MAHLIFE,gainer_loser,gainer_loser,-3.87,355.15,341.4,,{}
2026-03-20,AVROIND,gainer_loser,gainer_loser,-3.86,129.4,124.4,,{}
2026-03-20,TBOTEK,gainer_loser,gainer_loser,-3.83,1110.6,1068.1,,{}
2026-03-20,CSBBANK,gainer_loser,gainer_loser,-3.78,375.5,361.3,,{}
2026-03-20,EMMBI,gainer_loser,gainer_loser,-3.76,79.28,76.3,,{}
2026-03-20,TTKPRESTIG,gainer_loser,gainer_loser,-3.73,484.45,466.4,,{}
2026-03-20,CTE,gainer_loser,gainer_loser,-3.69,24.37,23.47,,{}
2026-03-20,ASAHIINDIA,gainer_loser,gainer_loser,-3.68,841.4,810.45,,{}
2026-03-20,MIRZAINT,gainer_loser,gainer_loser,-3.68,30.47,29.35,,{}
2026-03-20,LASA,gainer_loser,gainer_loser,-3.65,7.4,7.13,,{}
2026-03-20,CCHHL,gainer_loser,gainer_loser,-3.62,12.7,12.24,,{}
2026-03-20,GENUSPAPER,gainer_loser,gainer_loser,-3.6,11.12,10.72,,{}
2026-03-20,KHADIM,gainer_loser,gainer_loser,-3.58,91.28,88.01,,{}
2026-03-20,MANAKCOAT,gainer_loser,gainer_loser,-3.56,110.08,106.16,,{}
2026-03-20,TGBHOTELS,gainer_loser,gainer_loser,-3.52,8.53,8.23,,{}
2026-03-20,KNAGRI,gainer_loser,gainer_loser,-3.48,177.26,171.09,,{}
2026-03-20,ALLTIME,gainer_loser,gainer_loser,-3.47,218.36,210.78,,{}
2026-03-20,RKFORGE,gainer_loser,gainer_loser,-3.45,517.45,499.6,,{}
2026-03-20,SGL,gainer_loser,gainer_loser,-3.44,10.77,10.4,,{}
2026-03-20,HINDOILEXP,gainer_loser,gainer_loser,-3.43,132.99,128.43,,{}
2026-03-20,HATSUN,gainer_loser,gainer_loser,-3.42,990.6,956.75,,{}
2026-03-20,DBL,gainer_loser,gainer_loser,-3.37,425.75,411.4,,{}
2026-03-20,SPLIL,gainer_loser,gainer_loser,-3.32,26.77,25.88,,{}
2026-03-20,STOVEKRAFT,gainer_loser,gainer_loser,-3.31,515.85,498.75,,{}
2026-03-20,MGL,gainer_loser,gainer_loser,-3.29,1000.0,967.1,,{}
2026-03-20,FMNL,gainer_loser,gainer_loser,-3.21,7.78,7.53,,{}
2026-03-20,COROMANDEL,gainer_loser,gainer_loser,-3.18,1973.7,1911.0,,{}
2026-03-20,LFIC,gainer_loser,gainer_loser,-3.17,124.74,120.78,,{}
2026-03-20,ANTELOPUS,gainer_loser,gainer_loser,-3.14,532.15,515.45,,{}
2026-03-20,KIRLOSENG,gainer_loser,gainer_loser,-3.14,1421.3,1376.7,,{}
2026-03-20,SHRADHA,gainer_loser,gainer_loser,-3.13,32.91,31.88,,{}
2026-03-20,INDIANCARD,gainer_loser,gainer_loser,-3.12,188.06,182.19,,{}
2026-03-20,BSE,"gainer_loser,top_turnover",gainer_loser,-3.07,2895.0,2806.1,16410475169.7,{}
2026-03-20,SURYALAXMI,gainer_loser,gainer_loser,-3.07,54.1,52.44,,{}
2026-03-20,SURYODAY,gainer_loser,gainer_loser,-3.07,127.45,123.54,,{}
2026-03-20,SRGHFL,gainer_loser,gainer_loser,-3.05,255.45,247.65,,{}
2026-03-20,BELLACASA,gainer_loser,gainer_loser,-3.05,267.55,259.4,,{}
2026-03-20,MINDTECK,gainer_loser,gainer_loser,-3.02,175.3,170.0,,{}
2026-03-20,BROOKS,gainer_loser,gainer_loser,-2.99,54.26,52.64,,{}
2026-03-20,GFLLIMITED,gainer_loser,gainer_loser,-2.94,44.16,42.86,,{}
2026-03-20,RELIGARE,gainer_loser,gainer_loser,-2.91,222.42,215.94,,{}
2026-03-20,KARURVYSYA,gainer_loser,gainer_loser,-2.91,271.8,263.9,,{}
2026-03-20,SHREYANIND,gainer_loser,gainer_loser,-2.9,154.3,149.82,,{}
2026-03-20,NAZARA,gainer_loser,gainer_loser,-2.89,242.35,235.35,,{}
2026-03-20,GMMPFAUDLR,gainer_loser,gainer_loser,-2.86,882.15,856.9,,{}
2026-03-20,REGENCERAM,gainer_loser,gainer_loser,-2.84,42.29,41.09,,{}
2026-03-20,KSOLVES,gainer_loser,gainer_loser,-2.82,283.45,275.45,,{}
2026-03-20,ZODIACLOTH,gainer_loser,gainer_loser,-2.82,68.49,66.56,,{}
2026-03-20,AVONMORE,gainer_loser,gainer_loser,-2.82,12.43,12.08,,{}
2026-03-20,BRNL,gainer_loser,gainer_loser,-2.79,19.37,18.83,,{}
2026-03-20,AADHARHFC,gainer_loser,gainer_loser,-2.79,462.75,449.85,,{}
2026-03-20,CANTABIL,gainer_loser,gainer_loser,-2.77,243.8,237.05,,{}
2026-03-20,IRIS,gainer_loser,gainer_loser,-2.74,232.96,226.57,,{}
2026-03-20,CREATIVEYE,gainer_loser,gainer_loser,-2.74,6.58,6.4,,{}
2026-03-20,ANUP,gainer_loser,gainer_loser,-2.72,1632.6,1588.2,,{}
2026-03-20,SUNDARMFIN,gainer_loser,gainer_loser,-2.71,4808.5,4678.0,,{}
2026-03-20,SUMIT,gainer_loser,gainer_loser,-2.69,45.76,44.53,,{}
2026-03-20,SHIVATEX,gainer_loser,gainer_loser,-2.67,137.21,133.54,,{}
2026-03-20,SETCO,gainer_loser,gainer_loser,-2.66,16.16,15.73,,{}
2026-03-20,YUKEN,gainer_loser,gainer_loser,-2.66,686.55,668.3,,{}
2026-03-20,SAGCEM,gainer_loser,gainer_loser,-2.65,172.24,167.68,,{}
2026-03-20,DENORA,gainer_loser,gainer_loser,-2.64,717.15,698.25,,{}
2026-03-20,WORTHPERI,gainer_loser,gainer_loser,-2.62,129.54,126.14,,{}
2026-03-20,HGM,gainer_loser,gainer_loser,-2.6,46.08,44.88,,{}
2026-03-20,RAMCOSYS,gainer_loser,gainer_loser,-2.58,405.15,394.7,,{}
2026-03-20,DICIND,gainer_loser,gainer_loser,-2.57,510.9,497.75,,{}
2026-03-20,GPTHEALTH,gainer_loser,gainer_loser,-2.57,123.83,120.65,,{}
2026-03-20,ELLEN,gainer_loser,gainer_loser,-2.56,203.2,197.99,,{}
2026-03-20,HISARMETAL,gainer_loser,gainer_loser,-2.56,142.81,139.16,,{}
2026-03-20,ARROWGREEN,gainer_loser,gainer_loser,-2.55,388.35,378.45,,{}
2026-03-20,LTTS,gainer_loser,gainer_loser,-2.55,3313.5,3229.1,,{}
2026-03-20,HEADSUP,gainer_loser,gainer_loser,-2.53,6.71,6.54,,{}
2026-03-20,ANTGRAPHIC,gainer_loser,gainer_loser,-2.53,0.79,0.77,,{}
2026-03-20,AJAXENGG,gainer_loser,gainer_loser,-2.5,483.1,471.0,,{}
2026-03-20,EMUDHRA,gainer_loser,gainer_loser,-2.47,405.45,395.45,,{}
2026-03-20,RGL,gainer_loser,gainer_loser,-2.46,95.85,93.49,,{}
2026-03-20,HOMEFIRST,gainer_loser,gainer_loser,-2.46,959.6,936.0,,{}
2026-03-20,FISCHER,gainer_loser,gainer_loser,-2.45,36.31,35.42,,{}
2026-03-20,ITCHOTELS,gainer_loser,gainer_loser,-2.42,152.7,149.01,,{}
2026-03-20,SIMPLEXINF,gainer_loser,gainer_loser,-2.4,169.3,165.24,,{}
2026-03-20,TATVA,gainer_loser,gainer_loser,-2.38,1156.0,1128.5,,{}
2026-03-20,GLOBUSSPR,gainer_loser,gainer_loser,-2.37,887.25,866.2,,{}
2026-03-20,LMW,gainer_loser,gainer_loser,-2.35,14032.0,13702.0,,{}
2026-03-20,KEC,gainer_loser,gainer_loser,-2.35,559.25,546.1,,{}
2026-03-20,JPPOWER,gainer_loser,gainer_loser,-2.33,16.75,16.36,,{}
2026-03-20,VENTIVE,gainer_loser,gainer_loser,-2.31,656.6,641.4,,{}
2026-03-20,ARIHANTSUP,gainer_loser,gainer_loser,-2.31,216.6,211.6,,{}
2026-03-20,MRF,gainer_loser,gainer_loser,-2.31,130545.0,127535.0,,{}
2026-03-20,HINDCON,gainer_loser,gainer_loser,-2.3,18.72,18.29,,{}
2026-03-20,CAPACITE,gainer_loser,gainer_loser,-2.28,229.11,223.88,,{}
2026-03-20,JUBLPHARMA,gainer_loser,gainer_loser,-2.28,850.75,831.35,,{}
2026-03-20,ISHANCH,gainer_loser,gainer_loser,-2.28,52.21,51.02,,{}
2026-03-20,SHREEPUSHK,gainer_loser,gainer_loser,-2.26,305.4,298.5,,{}
2026-03-20,PINELABS,gainer_loser,gainer_loser,-2.26,168.27,164.47,,{}
2026-03-20,NATIONALUM,"gainer_loser,top_turnover",gainer_loser,-2.25,377.0,368.5,12589638014.9,{}
2026-03-20,ASKAUTOLTD,gainer_loser,gainer_loser,-2.23,418.55,409.2,,{}
2026-03-20,VETO,gainer_loser,gainer_loser,-2.23,95.39,93.26,,{}
2026-03-20,DHANBANK,gainer_loser,gainer_loser,-2.23,22.84,22.33,,{}
2026-03-20,BRIGADE,gainer_loser,gainer_loser,-2.23,658.6,643.9,,{}
2026-03-20,PILANIINVS,gainer_loser,gainer_loser,-2.22,4846.3,4738.6,,{}
2026-03-20,ARCHIDPLY,gainer_loser,gainer_loser,-2.21,70.92,69.35,,{}
2026-03-20,NAVINFLUOR,gainer_loser,gainer_loser,-2.21,6262.5,6124.0,,{}
2026-03-20,GVT&D,gainer_loser,gainer_loser,-2.2,3761.8,3678.9,,{}
2026-03-20,CHOLAHLDNG,gainer_loser,gainer_loser,-2.2,1439.3,1407.6,,{}
2026-03-20,RAMCOCEM,gainer_loser,gainer_loser,-2.2,946.0,925.2,,{}
2026-03-20,KSB,gainer_loser,gainer_loser,-2.19,799.85,782.3,,{}
2026-03-20,TOUCHWOOD,gainer_loser,gainer_loser,-2.19,69.9,68.37,,{}
2026-03-20,ADOR,gainer_loser,gainer_loser,-2.16,937.3,917.1,,{}
2026-03-20,3MINDIA,gainer_loser,gainer_loser,-2.15,32980.0,32270.0,,{}
2026-03-20,KEEPLEARN,gainer_loser,gainer_loser,-2.15,1.86,1.82,,{}
2026-03-20,MOHITIND,gainer_loser,gainer_loser,-2.14,23.39,22.89,,{}
2026-03-20,PGHH,gainer_loser,gainer_loser,-2.14,9919.0,9707.0,,{}
2026-03-20,KDDL,gainer_loser,gainer_loser,-2.13,2243.2,2195.4,,{}
2026-03-20,ZEELEARN,gainer_loser,gainer_loser,-2.12,5.2,5.09,,{}
2026-03-20,CORDSCABLE,gainer_loser,gainer_loser,-2.11,151.57,148.37,,{}
2026-03-20,ORBTEXP,gainer_loser,gainer_loser,-2.1,152.0,148.81,,{}
2026-03-20,MURUDCERA,gainer_loser,gainer_loser,-2.1,30.02,29.39,,{}
2026-03-20,ANIKINDS,gainer_loser,gainer_loser,-2.09,38.74,37.93,,{}
2026-03-20,PARADEEP,gainer_loser,gainer_loser,-2.09,113.13,110.77,,{}
2026-03-20,THYROCARE,gainer_loser,gainer_loser,-2.08,358.8,351.35,,{}
2026-03-20,TAJGVK,gainer_loser,gainer_loser,-2.08,308.25,301.85,,{}
2026-03-20,AEROENTER,gainer_loser,gainer_loser,-2.07,74.06,72.53,,{}
2026-03-20,BLUEJET,gainer_loser,gainer_loser,-2.07,365.5,357.95,,{}
2026-03-20,PHOENIXLTD,gainer_loser,gainer_loser,-2.06,1575.6,1543.1,,{}
2026-03-20,KOKUYOCMLN,gainer_loser,gainer_loser,-2.06,78.56,76.94,,{}
2026-03-20,BALAXI,gainer_loser,gainer_loser,-2.05,18.02,17.65,,{}
2026-03-20,NAM-INDIA,gainer_loser,gainer_loser,-2.03,856.25,838.9,,{}
2026-03-20,MITTAL,gainer_loser,gainer_loser,-2.02,0.99,0.97,,{}
2026-03-20,BANSALWIRE,gainer_loser,gainer_loser,-2.02,252.65,247.55,,{}
2026-03-20,21STCENMGM,gainer_loser,gainer_loser,-2.0,32.55,31.9,,{}
2026-03-20,SHRIRAMFIN,top_turnover,top_turnover,,,,26922257374.4,{}
2026-03-20,ICICIBANK,top_turnover,top_turnover,,,,20625609488.5,{}
2026-03-20,SBIN,top_turnover,top_turnover,,,,18971444649.6,{}
2026-03-20,ITC,top_turnover,top_turnover,,,,17797484427.15,{}
2026-03-20,VEDL,top_turnover,top_turnover,,,,17526962408.75,{}
2026-03-20,LT,top_turnover,top_turnover,,,,16377420679.3,{}
2026-03-20,BHARTIARTL,top_turnover,top_turnover,,,,14215320146.3,{}
2026-03-20,M&M,top_turnover,top_turnover,,,,13726888143.0,{}
2026-03-20,ETERNAL,top_turnover,top_turnover,,,,12985701129.09,{}
2026-03-20,BAJFINANCE,top_turnover,top_turnover,,,,12325934998.9,{}
